insert into Users values ('Chris Brown','ChrisBrown@gmail.com','ChrisBro1','4008801345','CB');
insert into Users values ('Russell Westbrook','RWestbrook@gmail.com','RWesbrook1','2318760989','Thunder Leader');
insert into Users values ('Kevin Durant','DurantKev@gmail.com','KDurant1','5345298112','KDTrey5');
insert into Users values ('Iggy Azalea','Iggy@gmail.com','Iggy1','6876498432','IGGY');
insert into Users values ('Mariah Carey','MariaCarey@gmail.com','MCarey1','5540390182','MariahCarey');
insert into Users values ('Nicki Minaj','NickiMinaj@gmail.com','NMinaj1','4764033082','NickiMalaji');
insert into Users values ('Daniel Radcliffe','DRadcliffe@gmail.com','DRad1','2734063052','HP_Daniel');
insert into Users values ('Rihanna','Rihanna@gmail.com','Rihanna1','2723060542','Rihanna');
insert into Users values ('Justin Bieber','JBieber@gmail.com','JBieber1','8340740172','JBtheKing');
insert into Users values ('Larry Page','LarryPage@gmail.com','LarryPage1','6540320172','LarryPage');
insert into Users values ('Stephen Curry','SCurry@gmail.com','SCurry1','3412377584','WarriorChampion');
insert into Users values ('Emma Watson','EmmaWatson@yahoo.com','EWatson1','8443298162','EmWatson');
insert into Users values ('Lena Headey','Lheadey@yahoo.com','LHeadey1','1031973432','The Queen');
insert into Users values ('Ariana Grande','AGrande@yahoo.com','AGrande1','9376498172','Ariana Grande');
insert into Users values ('Kit Harington','KHarin@gmail.com','KHarin1','6340740172','Lord Commander');
insert into Users values ('Emilia Clarke','EClarke@gmail.com','EClarke1','3431193740','Khaleesi');
insert into Users values ('Peter Dinklage','PDinklage@gmail.com','PDinklage1','6753568567','The Imp');
insert into Users values ('James Harden','JHarden@gmail.com','JHarden1','3416274384','James Harden');
insert into Users values ('Tim Cook','Timcook@gmail.com','TCook1','4512756891','CookApple');
insert into Users values ('Elon Musk','Elonmusk@yahoo.com','EMusk1','2847201343','Elon Musk');
insert into Users values ('Jeff Bezos','JeffBezos@yahoo.com','JBezos1','3463712649','AmazonPrime');


insert into Is_friends values ('ChrisBrown@gmail.com','JBieber@gmail.com');
insert into Is_friends values ('ChrisBrown@gmail.com','Iggy@gmail.com');
insert into Is_friends values ('ChrisBrown@gmail.com','Rihanna@gmail.com');
insert into Is_friends values ('ChrisBrown@gmail.com','AGrande@yahoo.com');
insert into Is_friends values ('ChrisBrown@gmail.com','NickiMinaj@gmail.com');
insert into Is_friends values ('ChrisBrown@gmail.com','MariaCarey@gmail.com');
insert into Is_friends values ('ChrisBrown@gmail.com','RWestbrook@gmail.com');

insert into Is_friends values ('RWestbrook@gmail.com','DurantKev@gmail.com');
insert into Is_friends values ('RWestbrook@gmail.com','JHarden@gmail.com');
insert into Is_friends values ('RWestbrook@gmail.com','SCurry@gmail.com');
insert into Is_friends values ('RWestbrook@gmail.com','ChrisBrown@gmail.com');
insert into Is_friends values ('RWestbrook@gmail.com','KHarin@gmail.com');

insert into Is_friends values ('DurantKev@gmail.com','KHarin@gmail.com');
insert into Is_friends values ('DurantKev@gmail.com','RWestbrook@gmail.com');
insert into Is_friends values ('DurantKev@gmail.com','JHarden@gmail.com');
insert into Is_friends values ('DurantKev@gmail.com','SCurry@gmail.com');

insert into Is_friends values ('Iggy@gmail.com','ChrisBrown@gmail.com');
insert into Is_friends values ('Iggy@gmail.com','JBieber@gmail.com');
insert into Is_friends values ('Iggy@gmail.com','Rihanna@gmail.com');
insert into Is_friends values ('Iggy@gmail.com','AGrande@yahoo.com');
insert into Is_friends values ('Iggy@gmail.com','NickiMinaj@gmail.com');
insert into Is_friends values ('Iggy@gmail.com','MariaCarey@gmail.com');
insert into Is_friends values ('Iggy@gmail.com','JHarden@gmail.com');

insert into Is_friends values ('MariaCarey@gmail.com','EmmaWatson@yahoo.com');
insert into Is_friends values ('MariaCarey@gmail.com','ChrisBrown@gmail.com');
insert into Is_friends values ('MariaCarey@gmail.com','JBieber@gmail.com');
insert into Is_friends values ('MariaCarey@gmail.com','Iggy@gmail.com');
insert into Is_friends values ('MariaCarey@gmail.com','Rihanna@gmail.com');
insert into Is_friends values ('MariaCarey@gmail.com','AGrande@yahoo.com');
insert into Is_friends values ('MariaCarey@gmail.com','NickiMinaj@gmail.com');

insert into Is_friends values ('NickiMinaj@gmail.com','ChrisBrown@gmail.com');
insert into Is_friends values ('NickiMinaj@gmail.com','JBieber@gmail.com');
insert into Is_friends values ('NickiMinaj@gmail.com','Iggy@gmail.com');
insert into Is_friends values ('NickiMinaj@gmail.com','Rihanna@gmail.com');
insert into Is_friends values ('NickiMinaj@gmail.com','AGrande@yahoo.com');
insert into Is_friends values ('NickiMinaj@gmail.com','MariaCarey@gmail.com');

insert into Is_friends values ('DRadcliffe@gmail.com','EmmaWatson@yahoo.com');
insert into Is_friends values ('DRadcliffe@gmail.com','JBieber@gmail.com');

insert into Is_friends values ('Rihanna@gmail.com','JHarden@gmail.com');
insert into Is_friends values ('Rihanna@gmail.com','ChrisBrown@gmail.com');
insert into Is_friends values ('Rihanna@gmail.com','JBieber@gmail.com');
insert into Is_friends values ('Rihanna@gmail.com','Iggy@gmail.com');
insert into Is_friends values ('Rihanna@gmail.com','AGrande@yahoo.com');
insert into Is_friends values ('Rihanna@gmail.com','NickiMinaj@gmail.com');
insert into Is_friends values ('Rihanna@gmail.com','MariaCarey@gmail.com');

insert into Is_friends values ('JBieber@gmail.com','ChrisBrown@gmail.com');
insert into Is_friends values ('JBieber@gmail.com','Iggy@gmail.com');
insert into Is_friends values ('JBieber@gmail.com','Rihanna@gmail.com');
insert into Is_friends values ('JBieber@gmail.com','AGrande@yahoo.com');
insert into Is_friends values ('JBieber@gmail.com','NickiMinaj@gmail.com');
insert into Is_friends values ('JBieber@gmail.com','MariaCarey@gmail.com');
insert into Is_friends values ('JBieber@gmail.com','DRadcliffe@gmail.com');

insert into Is_friends values ('LarryPage@gmail.com','Timcook@gmail.com');
insert into Is_friends values ('LarryPage@gmail.com','JeffBezos@yahoo.com');
insert into Is_friends values ('LarryPage@gmail.com','Elonmusk@yahoo.com');

insert into Is_friends values ('SCurry@gmail.com','RWestbrook@gmail.com');
insert into Is_friends values ('SCurry@gmail.com','DurantKev@gmail.com');
insert into Is_friends values ('SCurry@gmail.com','JHarden@gmail.com');
insert into Is_friends values ('SCurry@gmail.com','Timcook@gmail.com');

insert into Is_friends values ('EmmaWatson@yahoo.com','DRadcliffe@gmail.com');
insert into Is_friends values ('EmmaWatson@yahoo.com','MariaCarey@gmail.com');

insert into Is_friends values ('Lheadey@yahoo.com','KHarin@gmail.com');
insert into Is_friends values ('Lheadey@yahoo.com','EClarke@gmail.com');
insert into Is_friends values ('Lheadey@yahoo.com','PDinklage@gmail.com');

insert into Is_friends values ('AGrande@yahoo.com','ChrisBrown@gmail.com');
insert into Is_friends values ('AGrande@yahoo.com','JBieber@gmail.com');
insert into Is_friends values ('AGrande@yahoo.com','Iggy@gmail.com');
insert into Is_friends values ('AGrande@yahoo.com','Rihanna@gmail.com');
insert into Is_friends values ('AGrande@yahoo.com','NickiMinaj@gmail.com');
insert into Is_friends values ('AGrande@yahoo.com','MariaCarey@gmail.com');

insert into Is_friends values ('KHarin@gmail.com','RWestbrook@gmail.com');
insert into Is_friends values ('KHarin@gmail.com','DurantKev@gmail.com');
insert into Is_friends values ('KHarin@gmail.com','EClarke@gmail.com');
insert into Is_friends values ('KHarin@gmail.com','PDinklage@gmail.com');
insert into Is_friends values ('KHarin@gmail.com','Lheadey@yahoo.com');

insert into Is_friends values ('EClarke@gmail.com','KHarin@gmail.com');
insert into Is_friends values ('EClarke@gmail.com','PDinklage@gmail.com');
insert into Is_friends values ('EClarke@gmail.com','Lheadey@yahoo.com');

insert into Is_friends values ('PDinklage@gmail.com','KHarin@gmail.com');
insert into Is_friends values ('PDinklage@gmail.com','EClarke@gmail.com');
insert into Is_friends values ('PDinklage@gmail.com','Lheadey@yahoo.com');

insert into Is_friends values ('JHarden@gmail.com','Iggy@gmail.com');
insert into Is_friends values ('JHarden@gmail.com','Rihanna@gmail.com');
insert into Is_friends values ('JHarden@gmail.com','RWestbrook@gmail.com');
insert into Is_friends values ('JHarden@gmail.com','DurantKev@gmail.com');
insert into Is_friends values ('JHarden@gmail.com','SCurry@gmail.com');

insert into Is_friends values ('Timcook@gmail.com','SCurry@gmail.com');
insert into Is_friends values ('Timcook@gmail.com','JeffBezos@yahoo.com');
insert into Is_friends values ('Timcook@gmail.com','Elonmusk@yahoo.com');
insert into Is_friends values ('Timcook@gmail.com','LarryPage@gmail.com');

insert into Is_friends values ('Elonmusk@yahoo.com','Timcook@gmail.com');
insert into Is_friends values ('Elonmusk@yahoo.com','JeffBezos@yahoo.com');
insert into Is_friends values ('Elonmusk@yahoo.com','LarryPage@gmail.com');

insert into Is_friends values ('JeffBezos@yahoo.com','Timcook@gmail.com');
insert into Is_friends values ('JeffBezos@yahoo.com','Elonmusk@yahoo.com');
insert into Is_friends values ('JeffBezos@yahoo.com','LarryPage@gmail.com');



insert into Messages values (1,'We are gonna building ships and sail to Westeros.',TO_TIMESTAMP('2016-07-08 22:00:00','YYYY-MM-DD HH24:MI:SS'),'PDinklage@gmail.com');
insert into Private_Messages values (1,'PDinklage@gmail.com');
insert into Private_Messages values (1,'EClarke@gmail.com');

insert into Messages values (2,'Im gonna stop the rumor between us.',TO_TIMESTAMP('2016-04-01 09:00:00','YYYY-MM-DD HH24:MI:SS'),'AGrande@yahoo.com');
insert into Private_Messages values (2,'AGrande@yahoo.com');
insert into Private_Messages values (2,'JBieber@gmail.com');

insert into Messages values (3,'go ahead.',TO_TIMESTAMP('2016-04-01 09:01:00','YYYY-MM-DD HH24:MI:SS'),'JBieber@gmail.com');
insert into Private_Messages values (3,'JBieber@gmail.com');
insert into Private_Messages values (3,'AGrande@yahoo.com');

insert into Group_Owner values ('Thunder Big3',7,'DurantKev@gmail.com');
insert into Member_Of values ('Thunder Big3','DurantKev@gmail.com');
insert into Member_Of values ('Thunder Big3','RWestbrook@gmail.com');
insert into Member_Of values ('Thunder Big3','JHarden@gmail.com');
insert into Messages values (4,'We are moving forward.',TO_TIMESTAMP('2016-11-01 17:00:00','YYYY-MM-DD HH24:MI:SS'),'DurantKev@gmail.com');
insert into Messages values (5, 'I deserve the MVP this season!',TO_TIMESTAMP('2015-11-01 17:01:00','YYYY-MM-DD HH24:MI:SS'),'JHarden@gmail.com');
insert into Messages values (6, 'I will lead the team to Champion!',TO_TIMESTAMP('2015-11-01 17:02:00','YYYY-MM-DD HH24:MI:SS'),'RWestbrook@gmail.com');
insert into Messages values (7, 'LOL. Hope to see u in western finals.',TO_TIMESTAMP('2015-11-01 17:03:00','YYYY-MM-DD HH24:MI:SS'),'DurantKev@gmail.com');
insert into Group_Messages values ('Thunder Big3',4,TO_TIMESTAMP('2016-11-01 17:00:00','YYYY-MM-DD HH24:MI:SS'));
insert into Group_Messages values ('Thunder Big3',5,TO_TIMESTAMP('2015-11-01 17:01:00','YYYY-MM-DD HH24:MI:SS'));
insert into Group_Messages values ('Thunder Big3',6,TO_TIMESTAMP('2015-11-01 17:02:00','YYYY-MM-DD HH24:MI:SS'));
insert into Group_Messages values ('Thunder Big3',7,TO_TIMESTAMP('2015-11-01 17:03:00','YYYY-MM-DD HH24:MI:SS'));

insert into Group_Owner values ('Game of Thrones',7,'EClarke@gmail.com');
insert into Member_Of values ('Game of Thrones','EClarke@gmail.com');
insert into Member_Of values ('Game of Thrones','PDinklage@gmail.com');
insert into Member_Of values ('Game of Thrones','KHarin@gmail.com');
insert into Member_Of values ('Game of Thrones','Lheadey@yahoo.com');
insert into Messages values (8,'Do you guys see my dragons?',TO_TIMESTAMP('2016-11-03 09:00:00','YYYY-MM-DD HH24:MI:SS'),'EClarke@gmail.com');
insert into Messages values (9, 'They almost ate me last night...',TO_TIMESTAMP('2016-11-03 09:02:00','YYYY-MM-DD HH24:MI:SS'),'PDinklage@gmail.com');
insert into Messages values (10, 'Didnt see them...fought Ramsay last night...',TO_TIMESTAMP('2016-11-03 09:02:00','YYYY-MM-DD HH24:MI:SS'),'KHarin@gmail.com');
insert into Messages values (11, 'I got them. So disappointed they didnt eat Tyrion...But it doesnt matter, i am the real queen now...',TO_TIMESTAMP('2016-11-03 09:03:00','YYYY-MM-DD HH24:MI:SS'),'Lheadey@yahoo.com');
insert into Messages values (12, 'All right...',TO_TIMESTAMP('2016-11-03 09:04:00','YYYY-MM-DD HH24:MI:SS'),'PDinklage@gmail.com');
insert into Group_Messages values ('Game of Thrones',8,TO_TIMESTAMP('2016-11-03 09:00:00','YYYY-MM-DD HH24:MI:SS'));
insert into Group_Messages values ('Game of Thrones',9,TO_TIMESTAMP('2016-11-03 09:01:00','YYYY-MM-DD HH24:MI:SS'));
insert into Group_Messages values ('Game of Thrones',10,TO_TIMESTAMP('2016-11-03 09:02:00','YYYY-MM-DD HH24:MI:SS'));
insert into Group_Messages values ('Game of Thrones',11,TO_TIMESTAMP('2016-11-03 09:03:00','YYYY-MM-DD HH24:MI:SS'));
insert into Group_Messages values ('Game of Thrones',12,TO_TIMESTAMP('2016-11-03 09:04:00','YYYY-MM-DD HH24:MI:SS'));

insert into Group_Owner values ('CEOs',7,'Timcook@gmail.com');
insert into Member_Of values ('CEOs','Timcook@gmail.com');
insert into Member_Of values ('CEOs','Elonmusk@yahoo.com');
insert into Member_Of values ('CEOs','JeffBezos@yahoo.com');
insert into Member_Of values ('CEOs','LarryPage@gmail.com');
insert into Messages values (13,'There will be no discount on Macbook Pro!',TO_TIMESTAMP('2016-11-10 10:01:00','YYYY-MM-DD HH24:MI:SS'),'Timcook@gmail.com');
insert into Messages values (14,'Cmon man, its soon Black Friday...',TO_TIMESTAMP('2016-11-10 10:02:00','YYYY-MM-DD HH24:MI:SS'),'JeffBezos@yahoo.com');
insert into Messages values (15,'I think Surface book is better!',TO_TIMESTAMP('2016-11-10 10:15:00','YYYY-MM-DD HH24:MI:SS'),'Elonmusk@yahoo.com');
insert into Messages values (16,'[emoji]',TO_TIMESTAMP('2016-11-10 10:16:00','YYYY-MM-DD HH24:MI:SS'),'JeffBezos@yahoo.com');
insert into Group_Messages values ('CEOs',13,TO_TIMESTAMP('2016-11-10 10:01:00','YYYY-MM-DD HH24:MI:SS'));
insert into Group_Messages values ('CEOs',14,TO_TIMESTAMP('2016-11-10 10:02:00','YYYY-MM-DD HH24:MI:SS'));
insert into Group_Messages values ('CEOs',15,TO_TIMESTAMP('2016-11-10 10:15:00','YYYY-MM-DD HH24:MI:SS'));
insert into Group_Messages values ('CEOs',16,TO_TIMESTAMP('2016-11-10 10:16:00','YYYY-MM-DD HH24:MI:SS'));

insert into Messages values (17,'Proud to work alongside these  many more veterans at Apple. We honor all the brave men  women who sacrificed for our freedom.',TO_TIMESTAMP('2016-11-11 06:27:00','YYYY-MM-DD HH24:MI:SS'),'Timcook@gmail.com');
insert into Circle values ('Timcook@gmail.com',17,1);
insert into Circle values ('LarryPage@gmail.com',17,1);
insert into Circle values ('JeffBezos@yahoo.com',17,1);
insert into Circle values ('Elonmusk@yahoo.com',17,1);
insert into Topic values ('veterans');
insert into Topic values ('apple');
insert into Topic values ('freedom');
insert into Topic_Message values ('veterans',17);
insert into Topic_Message values ('apple',17);
insert into Topic_Message values ('freedom',17);

insert into Messages values (18,'So happy to show all of you the new teaser poster for Beauty and the Beast! I hope you like it. Love Emma x',TO_TIMESTAMP('2016-11-11 06:27:00','YYYY-MM-DD HH24:MI:SS'),'EmmaWatson@yahoo.com');
insert into Circle values ('EmmaWatson@yahoo.com',18,1);
insert into Circle values ('DRadcliffe@gmail.com',18,1);
insert into Circle values ('NickiMinaj@gmail.com',18,1);
insert into Topic values ('poster');
insert into Topic values ('movie');
insert into Topic values ('Disney');
insert into Topic_Message values ('poster',18);
insert into Topic_Message values ('movie',18);
insert into Topic_Message values ('Disney',18);

insert into Messages values (19,'Everything about this city keeps getting better. Hitting the streets today!',TO_TIMESTAMP('2016-11-11 06:27:00','YYYY-MM-DD HH24:MI:SS'),'DurantKev@gmail.com');
insert into Circle values ('DurantKev@gmail.com',19,0);
insert into Circle values ('RWestbrook@gmail.com',19,0);
insert into Topic values ('street');
insert into Topic values ('city');
insert into Topic_Message values ('street',19);
insert into Topic_Message values ('city',19);

insert into Messages values (20, 'Lets go support our own and check out Almost Christmas!',TO_TIMESTAMP('2016-11-13 10:50:00','YYYY-MM-DD HH24:MI:SS'),'DurantKev@gmail.com');
insert into Circle values('DurantKev@gmail.com',20,1);
insert into Circle values('KHarin@gmail.com',20,1);
insert into Circle values('RWestbrook@gmail.com',20,1);
insert into Circle values('JHarden@gmail.com',20,1);
insert into Circle values('SCurry@gmail.com',20,1);
insert into Topic values ('Christmas');
insert into Topic_Message values ('city',20);
insert into Topic_Message values ('Christmas',20);

insert into Messages values (21,'Lannisters Everywhere! Smiling Smiling Smiling',TO_TIMESTAMP('2016-11-13 10:50:00','YYYY-MM-DD HH24:MI:SS'),'KHarin@gmail.com');
insert into Circle values ('KHarin@gmail.com',21,0);
insert into Circle values ('Lheadey@yahoo.com',21,0);
insert into Circle values ('PDinklage@gmail.com',21,0);
insert into Topic values ('Game of Thrones');
insert into Topic values ('TV Series');
insert into Topic_Message values ('Game of Thrones',21);
insert into Topic_Message values ('TV Series',21);

insert into Topic values ('singer');
insert into Topic values ('rapper');
insert into Topic values ('dancer');
insert into Topic values ('Basketball');
insert into Topic values ('thunder');
insert into Topic values ('NBA');
insert into Topic values ('warrior');
insert into Topic values ('model');
insert into Topic values ('Actor');
insert into Topic values ('Harry Potter');
insert into Topic values ('Singer');
insert into Topic values ('Barbadian');
insert into Topic values ('Canadian');
insert into Topic values ('Google');
insert into Topic values ('CEO');
insert into Topic values ('computer scientist');
insert into Topic values ('Actress');
insert into Topic values ('You Know Nothing');
insert into Topic values ('rockets');
insert into Topic values ('Apple');
insert into Topic values ('Space X');
insert into Topic values ('Tesla');
insert into Topic values ('SolarCity');
insert into Topic values ('OpenAI');
insert into Topic values ('Amazon');
insert into Topic_User values ('singer','ChrisBrown@gmail.com');
insert into Topic_User values ('rapper','ChrisBrown@gmail.com');
insert into Topic_User values ('dancer','ChrisBrown@gmail.com');
insert into Topic_User values ('Basketball','RWestbrook@gmail.com');
insert into Topic_User values ('thunder','RWestbrook@gmail.com');
insert into Topic_User values ('NBA','RWestbrook@gmail.com');
insert into Topic_User values ('Basketball','DurantKev@gmail.com');
insert into Topic_User values ('warrior','DurantKev@gmail.com');
insert into Topic_User values ('NBA','DurantKev@gmail.com');
insert into Topic_User values ('Singer','Iggy@gmail.com');
insert into Topic_User values ('rapper','Iggy@gmail.com');
insert into Topic_User values ('model','Iggy@gmail.com');
insert into Topic_User values ('Singer','MariaCarey@gmail.com');
insert into Topic_User values ('Singer','NickiMinaj@gmail.com');
insert into Topic_User values ('rapper','NickiMinaj@gmail.com');
insert into Topic_User values ('Actor','DRadcliffe@gmail.com');
insert into Topic_User values ('Harry Potter','DRadcliffe@gmail.com');
insert into Topic_User values ('Singer','Rihanna@gmail.com');
insert into Topic_User values ('Barbadian','Rihanna@gmail.com');
insert into Topic_User values ('Singer','JBieber@gmail.com');
insert into Topic_User values ('Canadian','JBieber@gmail.com');
insert into Topic_User values ('Google','LarryPage@gmail.com');
insert into Topic_User values ('CEO','LarryPage@gmail.com');
insert into Topic_User values ('computer scientist','LarryPage@gmail.com');
insert into Topic_User values ('Basketball','SCurry@gmail.com');
insert into Topic_User values ('warrior','SCurry@gmail.com');
insert into Topic_User values ('NBA','SCurry@gmail.com');
insert into Topic_User values ('Actress','EmmaWatson@yahoo.com');
insert into Topic_User values ('Actress','Lheadey@yahoo.com');
insert into Topic_User values ('Game of Thrones','Lheadey@yahoo.com');
insert into Topic_User values ('Singer','AGrande@yahoo.com');
insert into Topic_User values ('Actress','AGrande@yahoo.com');
insert into Topic_User values ('Actor','KHarin@gmail.com');
insert into Topic_User values ('Game of Thrones','KHarin@gmail.com');
insert into Topic_User values ('You Know Nothing','KHarin@gmail.com');
insert into Topic_User values ('Actress','EClarke@gmail.com');
insert into Topic_User values ('Game of Thrones','EClarke@gmail.com');
insert into Topic_User values ('Actor','PDinklage@gmail.com');
insert into Topic_User values ('Game of Thrones','PDinklage@gmail.com');
insert into Topic_User values ('Basketball','JHarden@gmail.com');
insert into Topic_User values ('rockets','JHarden@gmail.com');
insert into Topic_User values ('NBA','JHarden@gmail.com');
insert into Topic_User values ('Apple','Timcook@gmail.com');
insert into Topic_User values ('CEO','Timcook@gmail.com');
insert into Topic_User values ('Space X','Elonmusk@yahoo.com');
insert into Topic_User values ('Tesla','Elonmusk@yahoo.com');
insert into Topic_User values ('SolarCity','Elonmusk@yahoo.com');
insert into Topic_User values ('OpenAI','Elonmusk@yahoo.com');
insert into Topic_User values ('Amazon','JeffBezos@yahoo.com');
insert into Topic_User values ('CEO','JeffBezos@yahoo.com');

insert into Manager values ('Timcook@gmail.com');
insert into Manager values ('AGrande@yahoo.com');